epoch,time_step,reward
39,0,-1
39,1,-2
39,2,-3
39,3,-4
39,4,-5
39,5,-6
39,6,-7
39,7,-8
39,8,-9
39,9,-10
39,10,-11
39,11,-12
39,12,-13
39,13,-14
39,14,-15
39,15,-16
39,16,-17
39,17,-18
39,18,-19
39,19,-20
39,20,-21
39,21,-22
39,22,-23
39,23,-24
39,24,-25
39,25,-26
39,26,-27
39,27,-28
39,28,-29
39,29,-30
39,30,-31
39,31,-32
39,32,-33
39,33,-34
39,34,-35
39,35,-36
39,36,-37
39,37,-38
39,38,-39
39,39,-40
39,40,-41
39,41,-42
39,42,-43
39,43,-44
39,44,-45
39,45,-46
39,46,-47
39,47,-48
39,48,-49
39,49,-50
39,50,-51
39,51,-52
39,52,-53
39,53,-54
39,54,-55
39,55,-56
39,56,-57
39,57,-58
39,58,-59
39,59,-60
39,60,-61
39,61,-62
39,62,-63
39,63,-64
39,64,-65
39,65,-66
39,66,-67
39,67,-68
39,68,-69
39,69,-70
39,70,-71
39,71,-72
39,72,-73
39,73,-74
39,74,-75
39,75,-76
39,76,-77
39,77,-78
39,78,-79
39,79,-80
39,80,-81
39,81,-82
39,82,-83
39,83,-84
39,84,-85
39,85,-86
39,86,-87
39,87,-88
39,88,-89
39,89,-90
39,90,-91
39,91,-92
39,92,-93
39,93,-94
39,94,-95
39,95,-96
39,96,-97
39,97,-98
39,98,-99
39,99,-100
39,100,-101
39,101,-102
39,102,-103
39,103,-104
39,104,-105
39,105,-106
39,106,-107
39,107,-108
39,108,-109
39,109,-110
39,110,-111
39,111,-112
39,112,-113
39,113,-114
39,114,-115
39,115,-116
39,116,-117
39,117,-118
39,118,-119
39,119,-120
39,120,-121
39,121,-122
39,122,-123
39,123,-124
39,124,-125
39,125,-126
39,126,-127
39,127,-128
39,128,-129
39,129,-130
39,130,-131
39,131,-132
39,132,-133
39,133,-134
39,134,-135
39,135,-136
39,136,-137
39,137,-138
39,138,-139
39,139,-140
39,140,-141
39,141,-142
39,142,-143
39,143,-144
39,144,-145
39,145,-146
39,146,-147
39,147,-148
39,148,-149
39,149,-150
39,150,-151
39,151,-152
39,152,-153
39,153,-154
39,154,-155
39,155,-156
39,156,-157
39,157,-158
39,158,-159
39,159,-160
39,160,-161
39,161,-162
39,162,-163
39,163,-164
39,164,-165
39,165,-166
39,166,-167
39,167,-168
39,168,-169
39,169,-170
39,170,-171
39,171,-172
39,172,-173
39,173,-174
39,174,-175
39,175,-176
39,176,-177
39,177,-178
39,178,-179
39,179,-180
39,180,-181
39,181,-182
39,182,-183
39,183,-184
39,184,-185
39,185,-186
39,186,-187
39,187,-188
39,188,-189
39,189,-190
39,190,-191
39,191,-192
39,192,-193
39,193,-194
39,194,-195
39,195,-196
39,196,-197
39,197,-198
39,198,-199
39,199,-200
39,200,-201
39,201,-202
39,202,-203
39,203,-204
39,204,-205
39,205,-206
39,206,-207
39,207,-208
39,208,-209
39,209,-210
39,210,-211
39,211,-212
39,212,-213
39,213,-214
39,214,-215
39,215,-216
39,216,-217
39,217,-218
39,218,-219
39,219,-220
39,220,-221
39,221,-222
39,222,-223
39,223,-224
39,224,-225
39,225,-226
39,226,-227
39,227,-228
39,228,-229
39,229,-230
39,230,-231
39,231,-232
39,232,-233
39,233,-234
39,234,-235
39,235,-236
39,236,-237
39,237,-238
39,238,-239
39,239,-240
39,240,-241
39,241,-242
39,242,-243
39,243,-244
39,244,-245
39,245,-246
39,246,-247
39,247,-248
39,248,-249
39,249,-250
39,250,-251
39,251,-252
39,252,-253
39,253,-254
39,254,-255
39,255,-256
39,256,-257
39,257,-258
39,258,-259
39,259,-260
39,260,-261
39,261,-262
39,262,-263
39,263,-264
39,264,-265
39,265,-266
39,266,-267
39,267,-268
39,268,-269
39,269,-270
39,270,-271
39,271,-272
39,272,-273
39,273,-274
39,274,-275
39,275,-276
39,276,-277
39,277,-278
39,278,-279
39,279,-280
39,280,-281
39,281,-282
39,282,-283
39,283,-284
39,284,-285
39,285,-286
39,286,-287
39,287,-288
39,288,-289
39,289,-290
39,290,-291
39,291,-292
39,292,-293
39,293,-294
39,294,-295
39,295,-296
39,296,-297
39,297,-298
39,298,-299
39,299,-300
39,300,-301
39,301,-302
39,302,-303
39,303,-304
39,304,-305
39,305,-306
39,306,-307
39,307,-308
39,308,-309
39,309,-310
39,310,-311
39,311,-312
39,312,-313
39,313,-314
39,314,-315
39,315,-316
39,316,-317
39,317,-318
39,318,-319
39,319,-320
39,320,-321
39,321,-322
39,322,-323
39,323,-324
39,324,-325
39,325,-326
39,326,-327
39,327,-328
39,328,-329
39,329,-330
39,330,-331
39,331,-332
39,332,-333
39,333,-334
39,334,-335
39,335,-336
39,336,-337
39,337,-338
39,338,-339
39,339,-340
39,340,-341
39,341,-342
39,342,-343
39,343,-344
39,344,-345
39,345,-346
39,346,-347
39,347,-348
39,348,-349
39,349,-350
39,350,-351
39,351,-352
39,352,-353
39,353,-354
39,354,-355
39,355,-356
39,356,-357
39,357,-358
39,358,-359
39,359,-360
39,360,-310
39,361,-311
39,362,-312
39,363,-313
39,364,-314
39,365,-315
39,366,-316
39,367,-317
39,368,-318
39,369,-319
39,370,-320
39,371,-321
39,372,-322
39,373,-323
39,374,-324
39,375,-325
39,376,-326
39,377,-327
39,378,-328
39,379,-329
39,380,-330
39,381,-331
39,382,-332
39,383,-333
39,384,-334
39,385,-335
39,386,-336
39,387,-337
39,388,-338
39,389,-339
39,390,-340
39,391,-341
39,392,-342
39,393,-343
39,394,-344
39,395,-345
39,396,-346
39,397,-347
39,398,-348
39,399,-349
39,400,-350
39,401,-351
39,402,-352
39,403,-353
39,404,-354
39,405,-355
39,406,-356
39,407,-357
39,408,-358
39,409,-359
39,410,-360
39,411,-361
39,412,-362
39,413,-363
39,414,-364
39,415,-365
39,416,-366
39,417,-367
39,418,-368
39,419,-369
39,420,-370
39,421,-371
39,422,-372
39,423,-373
39,424,-374
39,425,-375
39,426,-376
39,427,-377
39,428,-378
39,429,-379
39,430,-380
39,431,-381
39,432,-382
39,433,-383
39,434,-384
39,435,-385
39,436,-386
39,437,-387
39,438,-388
39,439,-389
39,440,-390
39,441,-391
39,442,-392
39,443,-393
39,444,-394
39,445,-395
39,446,-396
39,447,-397
39,448,-398
39,449,-399
39,450,-400
39,451,-401
39,452,-402
39,453,-403
39,454,-404
39,455,-405
39,456,-406
39,457,-407
39,458,-408
39,459,-409
39,460,-410
39,461,-411
39,462,-412
39,463,-413
39,464,-414
39,465,-415
39,466,-416
39,467,-417
39,468,-418
39,469,-419
39,470,-420
39,471,-421
39,472,-422
39,473,-423
39,474,-424
39,475,-425
39,476,-426
39,477,-427
39,478,-428
39,479,-429
39,480,-430
39,481,-431
39,482,-432
39,483,-433
39,484,-434
39,485,-435
39,486,-436
39,487,-437
39,488,-438
39,489,-439
39,490,-440
39,491,-441
39,492,-442
39,493,-443
39,494,-444
39,495,-445
39,496,-446
39,497,-447
39,498,-448
39,499,-449
39,500,-450
39,501,-451
39,502,-452
39,503,-453
39,504,-454
39,505,-455
39,506,-456
39,507,-457
39,508,-458
39,509,-459
39,510,-460
39,511,-461
39,512,-462
39,513,-463
39,514,-464
39,515,-465
39,516,-466
39,517,-467
39,518,-468
39,519,-469
39,520,-470
39,521,-471
39,522,-472
39,523,-473
39,524,-474
39,525,-475
39,526,-476
39,527,-477
39,528,-478
39,529,-479
39,530,-480
39,531,-481
39,532,-482
39,533,-483
39,534,-484
39,535,-485
39,536,-486
39,537,-487
39,538,-488
39,539,-489
39,540,-490
39,541,-491
39,542,-492
39,543,-493
39,544,-494
39,545,-495
39,546,-496
39,547,-497
39,548,-498
39,549,-499
39,550,-500
39,551,-501
39,552,-502
39,553,-503
39,554,-504
39,555,-505
39,556,-506
39,557,-507
39,558,-508
39,559,-509
39,560,-510
39,561,-511
39,562,-512
39,563,-513
39,564,-514
39,565,-515
39,566,-516
39,567,-517
39,568,-518
39,569,-519
39,570,-520
39,571,-521
39,572,-522
39,573,-523
39,574,-524
39,575,-525
39,576,-526
39,577,-527
39,578,-528
39,579,-529
39,580,-530
39,581,-531
39,582,-532
39,583,-533
39,584,-534
39,585,-535
39,586,-536
39,587,-537
39,588,-538
39,589,-539
39,590,-540
39,591,-541
39,592,-542
39,593,-543
39,594,-544
39,595,-545
39,596,-546
39,597,-547
39,598,-548
39,599,-549
39,600,-550
39,601,-551
39,602,-552
39,603,-553
39,604,-554
39,605,-555
39,606,-556
39,607,-557
39,608,-558
39,609,-559
39,610,-560
39,611,-561
39,612,-562
39,613,-563
39,614,-564
39,615,-565
39,616,-566
39,617,-567
39,618,-568
39,619,-569
39,620,-570
39,621,-571
39,622,-572
39,623,-573
39,624,-574
39,625,-575
39,626,-576
39,627,-577
39,628,-578
39,629,-579
39,630,-580
39,631,-581
39,632,-582
39,633,-583
39,634,-584
39,635,-585
39,636,-586
39,637,-587
39,638,-588
39,639,-589
39,640,-590
39,641,-591
39,642,-592
39,643,-593
39,644,-594
39,645,-595
39,646,-596
39,647,-597
39,648,-598
39,649,-599
39,650,-600
39,651,-601
39,652,-602
39,653,-603
39,654,-604
39,655,-605
39,656,-606
39,657,-607
39,658,-608
39,659,-609
39,660,-610
39,661,-611
39,662,-612
39,663,-613
39,664,-614
39,665,-615
39,666,-616
39,667,-617
39,668,-618
39,669,-619
39,670,-620
39,671,-621
39,672,-622
39,673,-623
39,674,-624
39,675,-625
39,676,-626
39,677,-627
39,678,-628
39,679,-629
39,680,-630
39,681,-631
39,682,-632
39,683,-633
39,684,-634
39,685,-635
39,686,-636
39,687,-637
39,688,-638
39,689,-639
39,690,-640
39,691,-641
39,692,-642
39,693,-643
39,694,-644
39,695,-645
39,696,-646
39,697,-647
39,698,-648
39,699,-649
39,700,-650
39,701,-651
39,702,-652
39,703,-653
39,704,-654
39,705,-655
39,706,-656
39,707,-657
39,708,-658
39,709,-659
39,710,-660
39,711,-661
39,712,-662
39,713,-663
39,714,-664
39,715,-665
39,716,-666
39,717,-667
39,718,-668
39,719,-669
39,720,-670
39,721,-671
39,722,-672
39,723,-673
39,724,-674
39,725,-675
39,726,-676
39,727,-677
39,728,-678
39,729,-679
39,730,-680
39,731,-681
39,732,-682
39,733,-683
39,734,-684
39,735,-685
39,736,-686
39,737,-687
39,738,-688
39,739,-689
39,740,-690
39,741,-691
39,742,-692
39,743,-693
39,744,-694
39,745,-695
39,746,-696
39,747,-697
39,748,-698
39,749,-699
39,750,-700
39,751,-701
39,752,-702
39,753,-703
39,754,-704
39,755,-705
39,756,-706
39,757,-707
39,758,-708
39,759,-709
39,760,-710
39,761,-711
39,762,-712
39,763,-713
39,764,-714
39,765,-715
39,766,-716
39,767,-717
39,768,-718
39,769,-719
39,770,-720
39,771,-721
39,772,-722
39,773,-723
39,774,-724
39,775,-725
39,776,-726
39,777,-727
39,778,-728
39,779,-729
39,780,-730
39,781,-731
39,782,-732
39,783,-733
39,784,-734
39,785,-735
39,786,-736
39,787,-737
39,788,-738
39,789,-739
39,790,-740
39,791,-741
39,792,-742
39,793,-743
39,794,-744
39,795,-745
39,796,-746
39,797,-747
39,798,-748
39,799,-749
39,800,-750
39,801,-751
39,802,-752
39,803,-753
39,804,-754
39,805,-755
39,806,-756
39,807,-757
39,808,-758
39,809,-759
39,810,-760
39,811,-761
39,812,-762
39,813,-763
39,814,-764
39,815,-765
39,816,-766
39,817,-767
39,818,-768
39,819,-769
39,820,-770
39,821,-771
39,822,-772
39,823,-773
39,824,-774
39,825,-775
39,826,-776
39,827,-777
39,828,-778
39,829,-779
39,830,-780
39,831,-781
39,832,-782
39,833,-783
39,834,-784
39,835,-785
39,836,-786
39,837,-787
39,838,-788
39,839,-789
39,840,-790
39,841,-791
39,842,-792
39,843,-793
39,844,-794
39,845,-795
39,846,-796
39,847,-797
39,848,-798
39,849,-799
39,850,-800
39,851,-801
39,852,-802
39,853,-803
39,854,-804
39,855,-805
39,856,-806
39,857,-807
39,858,-808
39,859,-809
39,860,-810
39,861,-811
39,862,-812
39,863,-813
39,864,-814
39,865,-815
39,866,-816
39,867,-817
39,868,-818
39,869,-819
39,870,-820
39,871,-821
39,872,-822
39,873,-823
39,874,-824
39,875,-825
39,876,-826
39,877,-827
39,878,-828
39,879,-829
39,880,-830
39,881,-831
39,882,-832
39,883,-833
39,884,-834
39,885,-835
39,886,-836
39,887,-837
39,888,-838
39,889,-839
39,890,-840
39,891,-841
39,892,-842
39,893,-843
39,894,-844
39,895,-845
39,896,-846
39,897,-847
39,898,-848
39,899,-849
39,900,-850
39,901,-851
39,902,-852
39,903,-853
39,904,-854
39,905,-855
39,906,-856
39,907,-857
39,908,-858
39,909,-859
39,910,-860
39,911,-861
39,912,-862
39,913,-863
39,914,-864
39,915,-865
39,916,-866
39,917,-867
39,918,-868
39,919,-869
39,920,-870
39,921,-871
39,922,-872
39,923,-873
39,924,-874
39,925,-875
39,926,-876
39,927,-877
39,928,-878
39,929,-879
39,930,-880
39,931,-881
39,932,-882
39,933,-883
39,934,-884
39,935,-885
39,936,-886
39,937,-887
39,938,-888
39,939,-889
39,940,-839
39,941,-840
39,942,-841
39,943,-842
39,944,-843
39,945,-844
39,946,-845
39,947,-846
39,948,-847
39,949,-848
39,950,-849
39,951,-850
39,952,-851
39,953,-852
39,954,-853
39,955,-854
39,956,-855
39,957,-856
39,958,-857
39,959,-858
39,960,-859
39,961,-860
39,962,-861
39,963,-862
39,964,-863
39,965,-864
39,966,-865
39,967,-866
39,968,-867
39,969,-868
39,970,-869
39,971,-870
39,972,-871
39,973,-872
39,974,-873
39,975,-874
39,976,-875
39,977,-876
39,978,-877
39,979,-878
39,980,-879
39,981,-880
39,982,-881
39,983,-882
39,984,-883
39,985,-884
39,986,-885
39,987,-886
39,988,-887
39,989,-888
39,990,-889
39,991,-890
39,992,-891
39,993,-892
39,994,-893
39,995,-894
39,996,-895
39,997,-896
39,998,-897
39,999,-898
39,1000,-899
39,1001,-900
39,1002,-901
39,1003,-902
39,1004,-903
39,1005,-904
39,1006,-905
39,1007,-906
39,1008,-907
39,1009,-908
39,1010,-909
39,1011,-910
39,1012,-911
39,1013,-912
39,1014,-913
39,1015,-914
39,1016,-915
39,1017,-916
39,1018,-917
39,1019,-918
39,1020,-919
39,1021,-920
39,1022,-921
39,1023,-922
39,1024,-923
39,1025,-924
39,1026,-925
39,1027,-926
39,1028,-927
39,1029,-928
39,1030,-929
39,1031,-930
39,1032,-931
39,1033,-932
39,1034,-933
39,1035,-934
39,1036,-935
39,1037,-936
39,1038,-937
39,1039,-938
39,1040,-939
39,1041,-940
39,1042,-941
39,1043,-942
39,1044,-943
39,1045,-944
39,1046,-945
39,1047,-946
39,1048,-947
39,1049,-948
39,1050,-949
39,1051,-950
39,1052,-951
39,1053,-952
39,1054,-953
39,1055,-954
39,1056,-955
39,1057,-956
39,1058,-957
39,1059,-958
39,1060,-959
39,1061,-960
39,1062,-961
39,1063,-962
39,1064,-963
39,1065,-964
39,1066,-965
39,1067,-966
39,1068,-967
39,1069,-968
39,1070,-969
39,1071,-970
39,1072,-971
39,1073,-972
39,1074,-973
39,1075,-974
39,1076,-975
39,1077,-976
39,1078,-977
39,1079,-978
39,1080,-979
39,1081,-980
39,1082,-981
39,1083,-982
39,1084,-983
39,1085,-984
39,1086,-985
39,1087,-986
39,1088,-987
39,1089,-988
39,1090,-989
39,1091,-990
39,1092,-991
39,1093,-992
39,1094,-993
39,1095,-994
39,1096,-995
39,1097,-996
39,1098,-997
39,1099,-998
39,1100,-999
39,1101,-1000
39,1102,-1001
39,1103,-1002
39,1104,-1003
39,1105,-1004
39,1106,-1005
39,1107,-1006
39,1108,-1007
39,1109,-1008
39,1110,-1009
39,1111,-1010
39,1112,-1011
39,1113,-1012
39,1114,-1013
39,1115,-1014
39,1116,-1015
39,1117,-1016
39,1118,-1017
39,1119,-1018
39,1120,-1019
39,1121,-1020
39,1122,-1021
39,1123,-1022
39,1124,-1023
39,1125,-1024
39,1126,-1025
39,1127,-1026
39,1128,-1027
39,1129,-1028
39,1130,-1029
39,1131,-1030
39,1132,-1031
39,1133,-1032
39,1134,-1033
39,1135,-1034
39,1136,-1035
39,1137,-1036
39,1138,-1037
39,1139,-1038
39,1140,-1039
39,1141,-1040
39,1142,-1041
39,1143,-1042
39,1144,-1043
39,1145,-1044
39,1146,-1045
39,1147,-1046
39,1148,-1047
39,1149,-1048
39,1150,-1049
39,1151,-1050
39,1152,-1051
39,1153,-1052
39,1154,-1053
39,1155,-1054
39,1156,-1055
39,1157,-1056
39,1158,-1057
39,1159,-1058
39,1160,-1059
39,1161,-1060
39,1162,-1061
39,1163,-1062
39,1164,-1063
39,1165,-1064
39,1166,-1065
39,1167,-1066
39,1168,-1067
39,1169,-1068
39,1170,-1069
39,1171,-1070
39,1172,-1071
39,1173,-1072
39,1174,-1073
39,1175,-1074
39,1176,-1075
39,1177,-1076
39,1178,-1077
39,1179,-1078
39,1180,-1079
39,1181,-1080
39,1182,-1081
39,1183,-1082
39,1184,-1083
39,1185,-1084
39,1186,-1085
39,1187,-1086
39,1188,-1087
39,1189,-1088
39,1190,-1089
39,1191,-1090
39,1192,-1091
39,1193,-1092
39,1194,-1093
39,1195,-1094
39,1196,-1095
39,1197,-1096
39,1198,-1097
39,1199,-1098
39,1200,-1099
39,1201,-1100
39,1202,-1101
39,1203,-1102
39,1204,-1103
39,1205,-1104
39,1206,-1105
39,1207,-1106
39,1208,-1107
39,1209,-1108
39,1210,-1109
39,1211,-1110
39,1212,-1111
39,1213,-1112
39,1214,-1113
39,1215,-1114
39,1216,-1115
39,1217,-1116
39,1218,-1117
39,1219,-1118
39,1220,-1119
39,1221,-1120
39,1222,-1121
39,1223,-1122
39,1224,-1123
39,1225,-1124
39,1226,-1125
39,1227,-1126
39,1228,-1127
39,1229,-1128
39,1230,-1129
39,1231,-1130
39,1232,-1131
39,1233,-1132
39,1234,-1133
39,1235,-1134
39,1236,-1135
39,1237,-1136
39,1238,-1137
39,1239,-1138
39,1240,-1139
39,1241,-1140
39,1242,-1141
39,1243,-1142
39,1244,-1143
39,1245,-1144
39,1246,-1145
39,1247,-1146
39,1248,-1147
39,1249,-1148
39,1250,-1149
39,1251,-1150
39,1252,-1151
39,1253,-1152
39,1254,-1153
39,1255,-1154
39,1256,-1155
39,1257,-1156
39,1258,-1157
39,1259,-1158
39,1260,-1159
39,1261,-1160
39,1262,-1161
39,1263,-1162
39,1264,-1163
39,1265,-1164
39,1266,-1165
39,1267,-1166
39,1268,-1167
39,1269,-1168
39,1270,-1169
39,1271,-1170
39,1272,-1171
39,1273,-1172
39,1274,-1173
39,1275,-1174
39,1276,-1175
39,1277,-1176
39,1278,-1177
39,1279,-1178
39,1280,-1179
39,1281,-1180
39,1282,-1181
39,1283,-1182
39,1284,-1183
39,1285,-1184
39,1286,-1185
39,1287,-1186
39,1288,-1187
39,1289,-1188
39,1290,-1189
39,1291,-1190
39,1292,-1191
39,1293,-1192
39,1294,-1193
39,1295,-1194
39,1296,-1195
39,1297,-1196
39,1298,-1197
39,1299,-1198
39,1300,-1199
39,1301,-1200
39,1302,-1201
39,1303,-1202
39,1304,-1203
39,1305,-1204
39,1306,-1205
39,1307,-1206
39,1308,-1207
39,1309,-1208
39,1310,-1209
39,1311,-1210
39,1312,-1211
39,1313,-1212
39,1314,-1213
39,1315,-1214
39,1316,-1215
39,1317,-1216
39,1318,-1217
39,1319,-1218
39,1320,-1219
39,1321,-1220
39,1322,-1221
39,1323,-1222
39,1324,-1223
39,1325,-1224
39,1326,-1225
39,1327,-1226
39,1328,-1227
39,1329,-1228
39,1330,-1229
39,1331,-1230
39,1332,-1231
39,1333,-1232
39,1334,-1233
39,1335,-1234
39,1336,-1235
39,1337,-1236
39,1338,-1237
39,1339,-1238
39,1340,-1239
39,1341,-1240
39,1342,-1241
39,1343,-1242
39,1344,-1243
39,1345,-1244
39,1346,-1245
39,1347,-1246
39,1348,-1247
39,1349,-1248
39,1350,-1249
39,1351,-1250
39,1352,-1251
39,1353,-1252
39,1354,-1253
39,1355,-1254
39,1356,-1255
39,1357,-1256
39,1358,-1257
39,1359,-1258
39,1360,-1259
39,1361,-1260
39,1362,-1261
39,1363,-1262
39,1364,-1263
39,1365,-1264
39,1366,-1265
39,1367,-1266
39,1368,-1267
39,1369,-1268
39,1370,-1269
39,1371,-1270
39,1372,-1271
39,1373,-1272
39,1374,-1273
39,1375,-1274
39,1376,-1275
39,1377,-1276
39,1378,-1277
39,1379,-1278
39,1380,-1279
39,1381,-1280
39,1382,-1281
39,1383,-1282
39,1384,-1283
39,1385,-1284
39,1386,-1285
39,1387,-1286
39,1388,-1287
39,1389,-1288
39,1390,-1289
39,1391,-1290
39,1392,-1291
39,1393,-1292
39,1394,-1293
39,1395,-1294
39,1396,-1295
39,1397,-1296
39,1398,-1297
39,1399,-1298
39,1400,-1299
39,1401,-1300
39,1402,-1301
39,1403,-1302
39,1404,-1303
39,1405,-1304
39,1406,-1305
39,1407,-1306
39,1408,-1307
39,1409,-1308
39,1410,-1309
39,1411,-1310
39,1412,-1311
39,1413,-1312
39,1414,-1313
39,1415,-1314
39,1416,-1315
39,1417,-1316
39,1418,-1317
39,1419,-1318
39,1420,-1319
39,1421,-1320
39,1422,-1321
39,1423,-1322
39,1424,-1323
39,1425,-1324
39,1426,-1325
39,1427,-1326
39,1428,-1327
39,1429,-1328
39,1430,-1329
39,1431,-1330
39,1432,-1331
39,1433,-1332
39,1434,-1333
39,1435,-1334
39,1436,-1335
39,1437,-1336
39,1438,-1337
39,1439,-1338
39,1440,-1339
39,1441,-1340
39,1442,-1341
39,1443,-1342
39,1444,-1343
39,1445,-1344
39,1446,-1345
39,1447,-1346
39,1448,-1347
39,1449,-1348
39,1450,-1349
39,1451,-1350
39,1452,-1351
39,1453,-1352
39,1454,-1353
39,1455,-1354
39,1456,-1355
39,1457,-1356
39,1458,-1357
39,1459,-1358
39,1460,-1359
39,1461,-1360
39,1462,-1361
39,1463,-1362
39,1464,-1363
39,1465,-1364
39,1466,-1365
39,1467,-1366
39,1468,-1367
39,1469,-1368
39,1470,-1369
39,1471,-1370
39,1472,-1371
39,1473,-1372
39,1474,-1373
39,1475,-1374
39,1476,-1375
39,1477,-1376
39,1478,-1377
39,1479,-1378
39,1480,-1379
39,1481,-1380
39,1482,-1381
39,1483,-1382
39,1484,-1383
39,1485,-1384
39,1486,-1385
39,1487,-1386
39,1488,-1387
39,1489,-1388
39,1490,-1389
39,1491,-1390
39,1492,-1391
39,1493,-1392
39,1494,-1393
39,1495,-1394
39,1496,-1395
39,1497,-1396
39,1498,-1397
39,1499,-1398
39,1500,-1399
39,1501,-1400
39,1502,-1401
39,1503,-1402
39,1504,-1403
39,1505,-1404
39,1506,-1405
39,1507,-1406
39,1508,-1407
39,1509,-1408
39,1510,-1409
39,1511,-1410
39,1512,-1411
39,1513,-1412
39,1514,-1413
39,1515,-1414
39,1516,-1415
39,1517,-1416
39,1518,-1417
39,1519,-1418
39,1520,-1419
39,1521,-1420
39,1522,-1421
39,1523,-1422
39,1524,-1423
39,1525,-1424
39,1526,-1425
39,1527,-1426
39,1528,-1427
39,1529,-1428
39,1530,-1429
39,1531,-1430
39,1532,-1431
39,1533,-1432
39,1534,-1433
39,1535,-1434
39,1536,-1435
39,1537,-1436
39,1538,-1437
39,1539,-1438
39,1540,-1439
39,1541,-1440
39,1542,-1441
39,1543,-1442
39,1544,-1443
39,1545,-1444
39,1546,-1445
39,1547,-1446
39,1548,-1447
39,1549,-1448
39,1550,-1449
39,1551,-1450
39,1552,-1451
39,1553,-1452
39,1554,-1453
39,1555,-1454
39,1556,-1455
39,1557,-1456
39,1558,-1457
39,1559,-1458
39,1560,-1459
39,1561,-1460
39,1562,-1461
39,1563,-1462
39,1564,-1463
39,1565,-1464
39,1566,-1465
39,1567,-1466
39,1568,-1467
39,1569,-1468
39,1570,-1469
39,1571,-1470
39,1572,-1471
39,1573,-1472
39,1574,-1473
39,1575,-1474
39,1576,-1475
39,1577,-1476
39,1578,-1477
39,1579,-1478
39,1580,-1479
39,1581,-1480
39,1582,-1481
39,1583,-1482
39,1584,-1483
39,1585,-1484
39,1586,-1485
39,1587,-1486
39,1588,-1487
39,1589,-1488
39,1590,-1489
39,1591,-1490
39,1592,-1491
39,1593,-1492
39,1594,-1493
39,1595,-1494
39,1596,-1495
39,1597,-1496
39,1598,-1497
39,1599,-1498
39,1600,-1499
39,1601,-1500
39,1602,-1501
39,1603,-1502
39,1604,-1503
39,1605,-1504
39,1606,-1505
39,1607,-1506
39,1608,-1507
39,1609,-1508
39,1610,-1509
39,1611,-1510
39,1612,-1511
39,1613,-1512
39,1614,-1513
39,1615,-1514
39,1616,-1515
39,1617,-1516
39,1618,-1517
39,1619,-1518
39,1620,-1519
39,1621,-1520
39,1622,-1521
39,1623,-1522
39,1624,-1523
39,1625,-1524
39,1626,-1525
39,1627,-1526
39,1628,-1527
39,1629,-1528
39,1630,-1529
39,1631,-1530
39,1632,-1531
39,1633,-1532
39,1634,-1533
39,1635,-1534
39,1636,-1535
39,1637,-1536
39,1638,-1537
39,1639,-1538
39,1640,-1539
39,1641,-1540
39,1642,-1541
39,1643,-1542
39,1644,-1543
39,1645,-1544
39,1646,-1545
39,1647,-1546
39,1648,-1547
39,1649,-1548
39,1650,-1549
39,1651,-1550
39,1652,-1551
39,1653,-1552
39,1654,-1553
39,1655,-1554
39,1656,-1555
39,1657,-1556
39,1658,-1557
39,1659,-1558
39,1660,-1559
39,1661,-1560
39,1662,-1561
39,1663,-1562
39,1664,-1563
39,1665,-1564
39,1666,-1565
39,1667,-1566
39,1668,-1567
39,1669,-1568
39,1670,-1569
39,1671,-1570
39,1672,-1571
39,1673,-1572
39,1674,-1573
39,1675,-1574
39,1676,-1575
39,1677,-1576
39,1678,-1577
39,1679,-1578
39,1680,-1579
39,1681,-1580
39,1682,-1581
39,1683,-1582
39,1684,-1583
39,1685,-1584
39,1686,-1585
39,1687,-1586
39,1688,-1587
39,1689,-1588
39,1690,-1589
39,1691,-1590
39,1692,-1591
39,1693,-1592
39,1694,-1593
39,1695,-1594
39,1696,-1595
39,1697,-1596
39,1698,-1597
39,1699,-1598
39,1700,-1599
39,1701,-1600
39,1702,-1601
39,1703,-1602
39,1704,-1603
39,1705,-1604
39,1706,-1605
39,1707,-1606
39,1708,-1607
39,1709,-1608
39,1710,-1609
39,1711,-1610
39,1712,-1611
39,1713,-1612
39,1714,-1613
39,1715,-1614
39,1716,-1615
39,1717,-1616
39,1718,-1617
39,1719,-1618
39,1720,-1619
39,1721,-1620
39,1722,-1621
39,1723,-1622
39,1724,-1623
39,1725,-1624
39,1726,-1625
39,1727,-1626
39,1728,-1627
39,1729,-1628
39,1730,-1629
39,1731,-1630
39,1732,-1631
39,1733,-1632
39,1734,-1633
39,1735,-1634
39,1736,-1635
39,1737,-1636
39,1738,-1637
39,1739,-1638
39,1740,-1639
39,1741,-1640
39,1742,-1641
39,1743,-1642
39,1744,-1643
39,1745,-1644
39,1746,-1645
39,1747,-1646
39,1748,-1647
39,1749,-1648
39,1750,-1649
39,1751,-1650
39,1752,-1651
39,1753,-1652
39,1754,-1653
39,1755,-1654
39,1756,-1655
39,1757,-1656
39,1758,-1657
39,1759,-1658
39,1760,-1659
39,1761,-1660
39,1762,-1661
39,1763,-1662
39,1764,-1663
39,1765,-1664
39,1766,-1665
39,1767,-1666
39,1768,-1667
39,1769,-1668
39,1770,-1669
39,1771,-1670
39,1772,-1671
39,1773,-1672
39,1774,-1673
39,1775,-1674
39,1776,-1675
39,1777,-1676
39,1778,-1677
39,1779,-1678
39,1780,-1679
39,1781,-1680
39,1782,-1681
39,1783,-1682
39,1784,-1683
39,1785,-1684
39,1786,-1685
39,1787,-1686
39,1788,-1687
39,1789,-1688
39,1790,-1689
39,1791,-1690
39,1792,-1691
39,1793,-1692
39,1794,-1693
39,1795,-1694
39,1796,-1695
39,1797,-1696
39,1798,-1697
39,1799,-1698
39,1800,-1699
39,1801,-1700
39,1802,-1701
39,1803,-1702
39,1804,-1703
39,1805,-1704
39,1806,-1705
39,1807,-1706
39,1808,-1707
39,1809,-1708
39,1810,-1709
39,1811,-1710
39,1812,-1711
39,1813,-1712
39,1814,-1713
39,1815,-1714
39,1816,-1715
39,1817,-1716
39,1818,-1717
39,1819,-1718
39,1820,-1719
39,1821,-1720
39,1822,-1721
39,1823,-1722
39,1824,-1723
39,1825,-1724
39,1826,-1725
39,1827,-1726
39,1828,-1727
39,1829,-1728
39,1830,-1729
39,1831,-1730
39,1832,-1731
39,1833,-1732
39,1834,-1733
39,1835,-1734
39,1836,-1735
39,1837,-1736
39,1838,-1737
39,1839,-1738
39,1840,-1739
39,1841,-1740
39,1842,-1741
39,1843,-1742
39,1844,-1743
39,1845,-1744
39,1846,-1745
39,1847,-1746
39,1848,-1747
39,1849,-1748
39,1850,-1749
39,1851,-1750
39,1852,-1751
39,1853,-1752
39,1854,-1753
39,1855,-1754
39,1856,-1755
39,1857,-1756
39,1858,-1757
39,1859,-1758
39,1860,-1759
39,1861,-1760
39,1862,-1761
39,1863,-1762
39,1864,-1763
39,1865,-1764
39,1866,-1765
39,1867,-1766
39,1868,-1767
39,1869,-1768
39,1870,-1769
39,1871,-1770
39,1872,-1771
39,1873,-1772
39,1874,-1773
39,1875,-1774
39,1876,-1775
39,1877,-1776
39,1878,-1777
39,1879,-1778
39,1880,-1779
39,1881,-1780
39,1882,-1781
39,1883,-1782
39,1884,-1783
39,1885,-1784
39,1886,-1785
39,1887,-1786
39,1888,-1787
39,1889,-1788
39,1890,-1789
39,1891,-1790
39,1892,-1791
39,1893,-1792
39,1894,-1793
39,1895,-1794
39,1896,-1795
39,1897,-1796
39,1898,-1797
39,1899,-1798
39,1900,-1799
39,1901,-1800
39,1902,-1801
39,1903,-1802
39,1904,-1803
39,1905,-1804
39,1906,-1805
39,1907,-1806
39,1908,-1807
39,1909,-1808
39,1910,-1809
39,1911,-1810
39,1912,-1811
39,1913,-1812
39,1914,-1813
39,1915,-1814
39,1916,-1815
39,1917,-1816
39,1918,-1817
39,1919,-1818
39,1920,-1819
39,1921,-1820
39,1922,-1821
39,1923,-1822
39,1924,-1823
39,1925,-1824
39,1926,-1825
39,1927,-1826
39,1928,-1827
39,1929,-1828
39,1930,-1829
39,1931,-1830
39,1932,-1831
39,1933,-1832
39,1934,-1833
39,1935,-1834
39,1936,-1835
39,1937,-1836
39,1938,-1837
39,1939,-1838
39,1940,-1839
39,1941,-1840
39,1942,-1841
39,1943,-1842
39,1944,-1843
39,1945,-1844
39,1946,-1845
39,1947,-1846
39,1948,-1847
39,1949,-1848
39,1950,-1849
39,1951,-1850
39,1952,-1851
39,1953,-1852
39,1954,-1853
39,1955,-1854
39,1956,-1855
39,1957,-1856
39,1958,-1857
39,1959,-1858
39,1960,-1859
39,1961,-1860
39,1962,-1861
39,1963,-1862
39,1964,-1863
39,1965,-1864
39,1966,-1865
39,1967,-1866
39,1968,-1867
39,1969,-1868
39,1970,-1869
39,1971,-1870
39,1972,-1871
39,1973,-1872
39,1974,-1873
39,1975,-1874
39,1976,-1875
39,1977,-1876
39,1978,-1877
39,1979,-1878
39,1980,-1879
39,1981,-1880
39,1982,-1881
39,1983,-1882
39,1984,-1883
39,1985,-1884
39,1986,-1885
39,1987,-1886
39,1988,-1887
39,1989,-1888
39,1990,-1889
39,1991,-1890
39,1992,-1891
39,1993,-1892
39,1994,-1893
39,1995,-1894
39,1996,-1895
39,1997,-1896
39,1998,-1897
39,1999,-1898
39,2000,-1899
39,2001,-1900
39,2002,-1901
39,2003,-1902
39,2004,-1903
39,2005,-1904
39,2006,-1905
39,2007,-1906
39,2008,-1907
39,2009,-1908
39,2010,-1909
39,2011,-1910
39,2012,-1911
39,2013,-1912
39,2014,-1913
39,2015,-1914
39,2016,-1915
39,2017,-1916
39,2018,-1917
39,2019,-1918
39,2020,-1919
39,2021,-1920
39,2022,-1921
39,2023,-1922
39,2024,-1923
39,2025,-1924
39,2026,-1925
39,2027,-1926
39,2028,-1927
39,2029,-1928
39,2030,-1929
39,2031,-1930
39,2032,-1931
39,2033,-1932
39,2034,-1933
39,2035,-1934
39,2036,-1935
39,2037,-1936
39,2038,-1937
39,2039,-1938
39,2040,-1939
39,2041,-1940
39,2042,-1941
39,2043,-1942
39,2044,-1943
39,2045,-1944
39,2046,-1945
39,2047,-1946
39,2048,-1947
39,2049,-1948
39,2050,-1949
39,2051,-1950
39,2052,-1951
39,2053,-1952
39,2054,-1953
39,2055,-1954
39,2056,-1955
39,2057,-1956
39,2058,-1957
39,2059,-1958
39,2060,-1959
39,2061,-1960
39,2062,-1961
39,2063,-1962
39,2064,-1963
39,2065,-1964
39,2066,-1965
39,2067,-1966
39,2068,-1967
39,2069,-1968
39,2070,-1969
39,2071,-1970
39,2072,-1971
39,2073,-1972
39,2074,-1973
39,2075,-1974
39,2076,-1975
39,2077,-1976
39,2078,-1977
39,2079,-1978
39,2080,-1979
39,2081,-1980
39,2082,-1981
39,2083,-1982
39,2084,-1983
39,2085,-1984
39,2086,-1985
39,2087,-1986
39,2088,-1987
39,2089,-1988
39,2090,-1989
39,2091,-1990
39,2092,-1991
39,2093,-1992
39,2094,-1993
39,2095,-1994
39,2096,-1995
39,2097,-1996
39,2098,-1997
39,2099,-1998
39,2100,-1999
39,2101,-2000
39,2102,-2001
39,2103,-2002
39,2104,-2003
39,2105,-2004
39,2106,-2005
39,2107,-2006
39,2108,-2007
39,2109,-2008
39,2110,-2009
39,2111,-2010
39,2112,-2011
39,2113,-2012
39,2114,-2013
39,2115,-2014
39,2116,-2015
39,2117,-2016
39,2118,-2017
39,2119,-2018
39,2120,-2019
39,2121,-2020
39,2122,-2021
39,2123,-2022
39,2124,-2023
39,2125,-2024
39,2126,-2025
39,2127,-2026
39,2128,-2027
39,2129,-2028
39,2130,-2029
39,2131,-2030
39,2132,-2031
39,2133,-2032
39,2134,-2033
39,2135,-2034
39,2136,-2035
39,2137,-2036
39,2138,-2037
39,2139,-2038
39,2140,-2039
39,2141,-2040
39,2142,-2041
39,2143,-2042
39,2144,-2043
39,2145,-2044
39,2146,-2045
39,2147,-2046
39,2148,-2047
39,2149,-2048
39,2150,-2049
39,2151,-2050
39,2152,-2051
39,2153,-2052
39,2154,-2053
39,2155,-2054
39,2156,-2055
39,2157,-2056
39,2158,-2057
39,2159,-2058
39,2160,-2059
39,2161,-2060
39,2162,-2061
39,2163,-2062
39,2164,-2063
39,2165,-2064
39,2166,-2065
39,2167,-2066
39,2168,-2067
39,2169,-2068
39,2170,-2069
39,2171,-2070
39,2172,-2071
39,2173,-2072
39,2174,-2073
39,2175,-2074
39,2176,-2075
39,2177,-2076
39,2178,-2077
39,2179,-2078
39,2180,-2079
39,2181,-2080
39,2182,-2081
39,2183,-2082
39,2184,-2083
39,2185,-2084
39,2186,-2085
39,2187,-2035
39,2188,-2036
39,2189,-2037
39,2190,-2038
39,2191,-2039
39,2192,-2040
39,2193,-2041
39,2194,-2042
39,2195,-2043
39,2196,-2044
39,2197,-2045
39,2198,-2046
39,2199,-2047
39,2200,-2048
39,2201,-2049
39,2202,-2050
39,2203,-2051
39,2204,-2052
39,2205,-2053
39,2206,-2054
39,2207,-2055
39,2208,-2056
39,2209,-2057
39,2210,-2058
39,2211,-2059
39,2212,-2060
39,2213,-2061
39,2214,-2062
39,2215,-2063
39,2216,-2064
39,2217,-2065
39,2218,-2066
39,2219,-2067
39,2220,-2068
39,2221,-2069
39,2222,-2070
39,2223,-2071
39,2224,-2072
39,2225,-2073
39,2226,-2074
39,2227,-2075
39,2228,-2076
39,2229,-2077
39,2230,-2078
39,2231,-2079
39,2232,-2080
39,2233,-2081
39,2234,-2082
39,2235,-2083
39,2236,-2084
39,2237,-2085
39,2238,-2086
39,2239,-2087
39,2240,-2088
39,2241,-2089
39,2242,-2090
39,2243,-2091
39,2244,-2092
39,2245,-2093
39,2246,-2094
39,2247,-2095
39,2248,-2096
39,2249,-2097
39,2250,-2098
39,2251,-2099
39,2252,-2100
39,2253,-2101
39,2254,-2102
39,2255,-2103
39,2256,-2104
39,2257,-2105
39,2258,-2106
39,2259,-2107
39,2260,-2108
39,2261,-2109
39,2262,-2110
39,2263,-2111
39,2264,-2112
39,2265,-2113
39,2266,-2114
39,2267,-2115
39,2268,-2116
39,2269,-2117
39,2270,-2118
39,2271,-2119
39,2272,-2120
39,2273,-2121
39,2274,-2122
39,2275,-2123
39,2276,-2124
39,2277,-2125
39,2278,-2126
39,2279,-2127
39,2280,-2128
39,2281,-2129
39,2282,-2130
39,2283,-2131
39,2284,-2132
39,2285,-2133
39,2286,-2134
39,2287,-2135
39,2288,-2136
39,2289,-2137
39,2290,-2138
39,2291,-2139
39,2292,-2140
39,2293,-2141
39,2294,-2142
39,2295,-2143
39,2296,-2144
39,2297,-2145
39,2298,-2146
39,2299,-2147
39,2300,-2148
39,2301,-2149
39,2302,-2150
39,2303,-2151
39,2304,-2152
39,2305,-2153
39,2306,-2154
39,2307,-2155
39,2308,-2156
39,2309,-2157
39,2310,-2158
39,2311,-2159
39,2312,-2160
39,2313,-2161
39,2314,-2162
39,2315,-2163
39,2316,-2164
39,2317,-2165
39,2318,-2166
39,2319,-2167
39,2320,-2168
39,2321,-2169
39,2322,-2170
39,2323,-2171
39,2324,-2172
39,2325,-2173
39,2326,-2174
39,2327,-2175
39,2328,-2176
39,2329,-2177
39,2330,-2178
39,2331,-2179
39,2332,-2180
39,2333,-2181
39,2334,-2182
39,2335,-2183
39,2336,-2184
39,2337,-2185
39,2338,-2186
39,2339,-2187
39,2340,-2188
39,2341,-2189
39,2342,-2190
39,2343,-2191
39,2344,-2192
39,2345,-2193
39,2346,-2194
39,2347,-2195
39,2348,-2196
39,2349,-2197
39,2350,-2198
39,2351,-2199
39,2352,-2200
39,2353,-2201
39,2354,-2202
39,2355,-2203
39,2356,-2204
39,2357,-2205
39,2358,-2206
39,2359,-2207
39,2360,-2208
39,2361,-2209
39,2362,-2210
39,2363,-2211
39,2364,-2212
39,2365,-2213
39,2366,-2214
39,2367,-2215
39,2368,-2216
39,2369,-2217
39,2370,-2218
39,2371,-2219
39,2372,-2220
39,2373,-2221
39,2374,-2222
39,2375,-2223
39,2376,-2224
39,2377,-2225
39,2378,-2226
39,2379,-2227
39,2380,-2228
39,2381,-2229
39,2382,-2230
39,2383,-2231
39,2384,-2232
39,2385,-2233
39,2386,-2234
39,2387,-2235
39,2388,-2236
39,2389,-2237
39,2390,-2238
39,2391,-2239
39,2392,-2240
39,2393,-2241
39,2394,-2242
39,2395,-2243
39,2396,-2244
39,2397,-2245
39,2398,-2246
39,2399,-2247
39,2400,-2248
39,2401,-2249
39,2402,-2250
39,2403,-2251
39,2404,-2252
39,2405,-2253
39,2406,-2254
39,2407,-2255
39,2408,-2256
39,2409,-2257
39,2410,-2258
39,2411,-2259
39,2412,-2260
39,2413,-2261
39,2414,-2262
39,2415,-2263
39,2416,-2264
39,2417,-2265
39,2418,-2266
39,2419,-2267
39,2420,-2268
39,2421,-2269
39,2422,-2270
39,2423,-2271
39,2424,-2272
39,2425,-2273
39,2426,-2274
39,2427,-2275
39,2428,-2276
39,2429,-2277
39,2430,-2278
39,2431,-2279
39,2432,-2280
39,2433,-2281
39,2434,-2282
39,2435,-2283
39,2436,-2284
39,2437,-2285
39,2438,-2286
39,2439,-2287
39,2440,-2288
39,2441,-2289
39,2442,-2290
39,2443,-2291
39,2444,-2292
39,2445,-2293
39,2446,-2294
39,2447,-2295
39,2448,-2296
39,2449,-2297
39,2450,-2298
39,2451,-2299
39,2452,-2300
39,2453,-2301
39,2454,-2302
39,2455,-2303
39,2456,-2304
39,2457,-2305
39,2458,-2306
39,2459,-2307
39,2460,-2308
39,2461,-2309
39,2462,-2310
39,2463,-2311
39,2464,-2312
39,2465,-2313
39,2466,-2314
39,2467,-2315
39,2468,-2316
39,2469,-2317
39,2470,-2318
39,2471,-2319
39,2472,-2320
39,2473,-2321
39,2474,-2322
39,2475,-2323
39,2476,-2324
39,2477,-2325
39,2478,-2326
39,2479,-2327
39,2480,-2328
39,2481,-2329
39,2482,-2330
39,2483,-2331
39,2484,-2332
39,2485,-2333
39,2486,-2334
39,2487,-2335
39,2488,-2336
39,2489,-2337
39,2490,-2338
39,2491,-2339
39,2492,-2340
39,2493,-2341
39,2494,-2342
39,2495,-2343
39,2496,-2344
39,2497,-2345
39,2498,-2346
39,2499,-2347
39,2500,-2348
39,2501,-2349
39,2502,-2350
39,2503,-2351
39,2504,-2352
39,2505,-2353
39,2506,-2354
39,2507,-2355
39,2508,-2356
39,2509,-2357
39,2510,-2358
39,2511,-2359
39,2512,-2360
39,2513,-2361
39,2514,-2362
39,2515,-2363
39,2516,-2364
39,2517,-2365
39,2518,-2366
39,2519,-2367
39,2520,-2368
39,2521,-2369
39,2522,-2370
39,2523,-2371
39,2524,-2372
39,2525,-2373
39,2526,-2374
39,2527,-2375
39,2528,-2376
39,2529,-2377
39,2530,-2378
39,2531,-2379
39,2532,-2380
39,2533,-2381
39,2534,-2382
39,2535,-2383
39,2536,-2333
39,2537,-2334
39,2538,-2335
39,2539,-2336
39,2540,-2337
39,2541,-2338
39,2542,-2339
39,2543,-2340
39,2544,-2341
39,2545,-2342
39,2546,-2343
39,2547,-2344
39,2548,-2345
39,2549,-2346
39,2550,-2347
39,2551,-2348
39,2552,-2349
39,2553,-2350
39,2554,-2351
39,2555,-2352
39,2556,-2353
39,2557,-2354
39,2558,-2355
39,2559,-2356
39,2560,-2357
39,2561,-2358
39,2562,-2359
39,2563,-2360
39,2564,-2361
39,2565,-2362
39,2566,-2363
39,2567,-2364
39,2568,-2365
39,2569,-2366
39,2570,-2367
39,2571,-2368
39,2572,-2369
39,2573,-2370
39,2574,-2371
39,2575,-2372
39,2576,-2373
39,2577,-2374
39,2578,-2375
39,2579,-2376
39,2580,-2377
39,2581,-2378
39,2582,-2379
39,2583,-2380
39,2584,-2381
39,2585,-2382
39,2586,-2383
39,2587,-2384
39,2588,-2385
39,2589,-2386
39,2590,-2387
39,2591,-2388
39,2592,-2389
39,2593,-2390
39,2594,-2391
39,2595,-2392
39,2596,-2393
39,2597,-2394
39,2598,-2395
39,2599,-2396
39,2600,-2397
39,2601,-2398
39,2602,-2399
39,2603,-2400
39,2604,-2401
39,2605,-2402
39,2606,-2403
39,2607,-2404
39,2608,-2405
39,2609,-2406
39,2610,-2407
39,2611,-2408
39,2612,-2409
39,2613,-2410
39,2614,-2411
39,2615,-2412
39,2616,-2413
39,2617,-2414
39,2618,-2415
39,2619,-2416
39,2620,-2417
39,2621,-2418
39,2622,-2419
39,2623,-2420
39,2624,-2421
39,2625,-2422
39,2626,-2423
39,2627,-2424
39,2628,-2425
39,2629,-2426
39,2630,-2427
39,2631,-2428
39,2632,-2429
39,2633,-2430
39,2634,-2431
39,2635,-2432
39,2636,-2433
39,2637,-2434
39,2638,-2435
39,2639,-2436
39,2640,-2437
39,2641,-2438
39,2642,-2439
39,2643,-2440
39,2644,-2441
39,2645,-2442
39,2646,-2443
39,2647,-2444
39,2648,-2445
39,2649,-2446
39,2650,-2447
39,2651,-2448
39,2652,-2449
39,2653,-2450
39,2654,-2451
39,2655,-2452
39,2656,-2453
39,2657,-2454
39,2658,-2455
39,2659,-2456
39,2660,-2457
39,2661,-2458
39,2662,-2459
39,2663,-2460
39,2664,-2461
39,2665,-2462
39,2666,-2463
39,2667,-2464
39,2668,-2465
39,2669,-2466
39,2670,-2467
39,2671,-2468
39,2672,-2469
39,2673,-2470
39,2674,-2471
39,2675,-2472
39,2676,-2473
39,2677,-2474
39,2678,-2475
39,2679,-2476
39,2680,-2477
39,2681,-2478
39,2682,-2479
39,2683,-2480
39,2684,-2481
39,2685,-2482
39,2686,-2483
39,2687,-2484
39,2688,-2485
39,2689,-2486
39,2690,-2487
39,2691,-2488
39,2692,-2489
39,2693,-2490
39,2694,-2491
39,2695,-2492
39,2696,-2493
39,2697,-2494
39,2698,-2495
39,2699,-2496
39,2700,-2497
39,2701,-2498
39,2702,-2499
39,2703,-2500
39,2704,-2501
39,2705,-2502
39,2706,-2503
39,2707,-2504
39,2708,-2505
39,2709,-2506
39,2710,-2507
39,2711,-2508
39,2712,-2509
39,2713,-2510
39,2714,-2511
39,2715,-2512
39,2716,-2513
39,2717,-2514
39,2718,-2515
39,2719,-2516
39,2720,-2517
39,2721,-2518
39,2722,-2519
39,2723,-2520
39,2724,-2521
39,2725,-2522
39,2726,-2523
39,2727,-2524
39,2728,-2525
39,2729,-2526
39,2730,-2527
39,2731,-2528
39,2732,-2529
39,2733,-2530
39,2734,-2531
39,2735,-2532
39,2736,-2533
39,2737,-2534
39,2738,-2535
39,2739,-2536
39,2740,-2537
39,2741,-2538
39,2742,-2539
39,2743,-2540
39,2744,-2541
39,2745,-2542
39,2746,-2543
39,2747,-2544
39,2748,-2545
39,2749,-2546
39,2750,-2547
39,2751,-2548
39,2752,-2549
39,2753,-2550
39,2754,-2551
39,2755,-2552
39,2756,-2553
39,2757,-2554
39,2758,-2555
39,2759,-2556
39,2760,-2557
39,2761,-2558
39,2762,-2559
39,2763,-2560
39,2764,-2561
39,2765,-2562
39,2766,-2563
39,2767,-2564
39,2768,-2565
39,2769,-2566
39,2770,-2567
39,2771,-2568
39,2772,-2569
39,2773,-2570
39,2774,-2571
39,2775,-2572
39,2776,-2573
39,2777,-2574
39,2778,-2575
39,2779,-2576
39,2780,-2577
39,2781,-2578
39,2782,-2579
39,2783,-2580
39,2784,-2581
39,2785,-2582
39,2786,-2583
39,2787,-2584
39,2788,-2585
39,2789,-2586
39,2790,-2587
39,2791,-2588
39,2792,-2589
39,2793,-2590
39,2794,-2591
39,2795,-2592
39,2796,-2593
39,2797,-2594
39,2798,-2595
39,2799,-2596
39,2800,-2597
39,2801,-2598
39,2802,-2599
39,2803,-2600
39,2804,-2601
39,2805,-2602
39,2806,-2603
39,2807,-2604
39,2808,-2605
39,2809,-2606
39,2810,-2607
39,2811,-2608
39,2812,-2609
39,2813,-2610
39,2814,-2611
39,2815,-2612
39,2816,-2613
39,2817,-2614
39,2818,-2615
39,2819,-2616
39,2820,-2617
39,2821,-2618
39,2822,-2619
39,2823,-2620
39,2824,-2621
39,2825,-2622
39,2826,-2623
39,2827,-2624
39,2828,-2625
39,2829,-2626
39,2830,-2627
39,2831,-2628
39,2832,-2629
39,2833,-2630
39,2834,-2631
39,2835,-2632
39,2836,-2633
39,2837,-2634
39,2838,-2635
39,2839,-2636
39,2840,-2637
39,2841,-2638
39,2842,-2639
39,2843,-2640
39,2844,-2641
39,2845,-2642
39,2846,-2643
39,2847,-2644
39,2848,-2645
39,2849,-2646
39,2850,-2647
39,2851,-2648
39,2852,-2649
39,2853,-2650
39,2854,-2651
39,2855,-2652
39,2856,-2653
39,2857,-2654
39,2858,-2655
39,2859,-2656
39,2860,-2657
39,2861,-2658
39,2862,-2659
39,2863,-2660
39,2864,-2661
39,2865,-2662
39,2866,-2663
39,2867,-2664
39,2868,-2665
39,2869,-2666
39,2870,-2667
39,2871,-2668
39,2872,-2669
39,2873,-2670
39,2874,-2671
39,2875,-2672
39,2876,-2673
39,2877,-2674
39,2878,-2675
39,2879,-2676
39,2880,-2677
39,2881,-2678
39,2882,-2679
39,2883,-2680
39,2884,-2681
39,2885,-2682
39,2886,-2683
39,2887,-2684
39,2888,-2685
39,2889,-2686
39,2890,-2687
39,2891,-2688
39,2892,-2689
39,2893,-2690
39,2894,-2691
39,2895,-2692
39,2896,-2693
39,2897,-2694
39,2898,-2695
39,2899,-2696
39,2900,-2697
39,2901,-2698
39,2902,-2699
39,2903,-2700
39,2904,-2701
39,2905,-2702
39,2906,-2703
39,2907,-2704
39,2908,-2705
39,2909,-2706
39,2910,-2707
39,2911,-2708
39,2912,-2709
39,2913,-2710
39,2914,-2711
39,2915,-2712
39,2916,-2713
39,2917,-2714
39,2918,-2715
39,2919,-2716
39,2920,-2717
39,2921,-2718
39,2922,-2719
39,2923,-2720
39,2924,-2721
39,2925,-2722
39,2926,-2723
39,2927,-2724
39,2928,-2725
39,2929,-2726
39,2930,-2727
39,2931,-2728
39,2932,-2729
39,2933,-2730
39,2934,-2731
39,2935,-2732
39,2936,-2733
39,2937,-2734
39,2938,-2735
39,2939,-2736
39,2940,-2737
39,2941,-2738
39,2942,-2739
39,2943,-2740
39,2944,-2741
39,2945,-2742
39,2946,-2743
39,2947,-2744
39,2948,-2745
39,2949,-2746
39,2950,-2747
39,2951,-2748
39,2952,-2749
39,2953,-2750
39,2954,-2751
39,2955,-2752
39,2956,-2753
39,2957,-2754
39,2958,-2755
39,2959,-2756
39,2960,-2757
39,2961,-2758
39,2962,-2759
39,2963,-2760
39,2964,-2761
39,2965,-2762
39,2966,-2763
39,2967,-2764
39,2968,-2765
39,2969,-2766
39,2970,-2767
39,2971,-2768
39,2972,-2769
39,2973,-2770
39,2974,-2771
39,2975,-2772
39,2976,-2773
39,2977,-2774
39,2978,-2775
39,2979,-2776
39,2980,-2777
39,2981,-2778
39,2982,-2779
39,2983,-2780
39,2984,-2781
39,2985,-2782
39,2986,-2783
39,2987,-2784
39,2988,-2785
39,2989,-2786
39,2990,-2787
39,2991,-2788
39,2992,-2789
39,2993,-2790
39,2994,-2791
39,2995,-2792
39,2996,-2793
39,2997,-2794
39,2998,-2795
39,2999,-2796
